{"version":"0.0.0","name":"example1","instructions":[{"name":"create","accounts":[{"name":"baseAccount","isMut":true,"isSigner":true},{"name":"user","isMut":false,"isSigner":false},{"name":"systemProgram","isMut":false,"isSigner":false}],"args":[]},{"name":"increment","accounts":[{"name":"baseAccount","isMut":true,"isSigner":false}],"args":[]}],"accounts":[{"name":"BaseAccount","type":{"kind":"struct","fields":[{"name":"count","type":"u64"}]}}],"metadata":{"address":"7CiTJHXzv7SdK1bf14nmCnPg9c8HRs3H9DdfEJMoay5K"}}