{"version":"0.0.0","name":"example2","instructions":[{"name":"initialize","accounts":[{"name":"baseAccount","isMut":true,"isSigner":true},{"name":"user","isMut":false,"isSigner":false},{"name":"systemProgram","isMut":false,"isSigner":false}],"args":[{"name":"data","type":"string"}]},{"name":"update","accounts":[{"name":"baseAccount","isMut":true,"isSigner":false}],"args":[{"name":"data","type":"string"}]}],"accounts":[{"name":"BaseAccount","type":{"kind":"struct","fields":[{"name":"data","type":"string"},{"name":"dataList","type":{"vec":"string"}}]}}],"metadata":{"address":"9V3jFkqCwyKGN8bhY8mFGdYRwtq6zgCJXnL63J3dBhKt"}}